,instant,dteday,season,yr,mnth,hr,holiday,weekday,weathersit,temp,hum,windspeed,casual,registered,cnt,en_dteday
0,1,0,1,0,1,0,False,6,1,0.24,0.81,0.0,3,13,16,0
1,2,0,1,0,1,1,False,6,1,0.22,0.8,0.0,8,32,40,0
2,3,0,1,0,1,2,False,6,1,0.22,0.8,0.0,5,27,32,0
3,4,0,1,0,1,3,False,6,1,0.24,0.75,0.0,3,10,13,0
4,5,0,1,0,1,4,False,6,1,0.24,0.75,0.0,0,1,1,0
5,6,0,1,0,1,5,False,6,2,0.24,0.75,0.0896,0,1,1,0
6,7,0,1,0,1,6,False,6,1,0.22,0.8,0.0,2,0,2,0
7,8,0,1,0,1,7,False,6,1,0.2,0.86,0.0,1,2,3,0
8,9,0,1,0,1,8,False,6,1,0.24,0.75,0.0,1,7,8,0
9,10,0,1,0,1,9,False,6,1,0.32,0.76,0.0,8,6,14,0
10,11,0,1,0,1,10,False,6,1,0.38,0.76,0.2537,12,24,36,0
11,12,0,1,0,1,11,False,6,1,0.36,0.81,0.2836,26,30,56,0
12,13,0,1,0,1,12,False,6,1,0.42,0.77,0.2836,29,55,84,0
13,14,0,1,0,1,13,False,6,2,0.46,0.72,0.2985,47,47,94,0
14,15,0,1,0,1,14,False,6,2,0.46,0.72,0.2836,35,71,106,0
15,16,0,1,0,1,15,False,6,2,0.44,0.77,0.2985,40,70,110,0
16,17,0,1,0,1,16,False,6,2,0.42,0.82,0.2985,41,52,93,0
17,18,0,1,0,1,17,False,6,2,0.44,0.82,0.2836,15,52,67,0
18,19,0,1,0,1,18,False,6,3,0.42,0.88,0.2537,9,26,35,0
19,20,0,1,0,1,19,False,6,3,0.42,0.88,0.2537,6,31,37,0
20,21,0,1,0,1,20,False,6,2,0.4,0.87,0.2537,11,25,36,0
21,22,0,1,0,1,21,False,6,2,0.4,0.87,0.194,3,31,34,0
22,23,0,1,0,1,22,False,6,2,0.4,0.94,0.2239,11,17,28,0
23,24,0,1,0,1,23,False,6,2,0.46,0.88,0.2985,15,24,39,0
24,25,2,1,0,1,0,False,0,2,0.46,0.88,0.2985,4,13,17,2
25,26,2,1,0,1,1,False,0,2,0.44,0.94,0.2537,1,16,17,2
26,27,2,1,0,1,2,False,0,2,0.42,1.0,0.2836,1,8,9,2
27,28,2,1,0,1,3,False,0,2,0.46,0.94,0.194,2,4,6,2
28,29,2,1,0,1,4,False,0,2,0.46,0.94,0.194,2,1,3,2
29,30,2,1,0,1,6,False,0,3,0.42,0.77,0.2985,0,2,2,2
30,31,2,1,0,1,7,False,0,2,0.4,0.76,0.194,0,1,1,2
31,32,2,1,0,1,8,False,0,3,0.4,0.71,0.2239,0,8,8,2
32,33,2,1,0,1,9,False,0,2,0.38,0.76,0.2239,1,19,20,2
33,34,2,1,0,1,10,False,0,2,0.36,0.81,0.2239,7,46,53,2
34,35,2,1,0,1,11,False,0,2,0.36,0.71,0.2537,16,54,70,2
35,36,2,1,0,1,12,False,0,2,0.36,0.66,0.2985,20,73,93,2
36,37,2,1,0,1,13,False,0,2,0.36,0.66,0.1343,11,64,75,2
37,38,2,1,0,1,14,False,0,3,0.36,0.76,0.194,4,55,59,2
38,39,2,1,0,1,15,False,0,3,0.34,0.81,0.1642,19,55,74,2
39,40,2,1,0,1,16,False,0,3,0.34,0.71,0.1642,9,67,76,2
40,41,2,1,0,1,17,False,0,1,0.34,0.57,0.194,7,58,65,2
41,42,2,1,0,1,18,False,0,2,0.36,0.46,0.3284,10,43,53,2
42,43,2,1,0,1,19,False,0,1,0.32,0.42,0.4478,1,29,30,2
43,44,2,1,0,1,20,False,0,1,0.3,0.39,0.3582,5,17,22,2
44,45,2,1,0,1,21,False,0,1,0.26,0.44,0.3284,11,20,31,2
45,46,2,1,0,1,22,False,0,1,0.24,0.44,0.2985,0,9,9,2
46,47,2,1,0,1,23,False,0,1,0.22,0.47,0.1642,0,8,8,2
47,48,4,1,0,1,0,False,1,1,0.22,0.44,0.3582,0,5,5,4
48,49,4,1,0,1,1,False,1,1,0.2,0.44,0.4179,0,2,2,4
49,50,4,1,0,1,4,False,1,1,0.16,0.47,0.3881,0,1,1,4
50,51,4,1,0,1,5,False,1,1,0.16,0.47,0.2836,0,3,3,4
51,52,4,1,0,1,6,False,1,1,0.14,0.5,0.3881,0,30,30,4
52,53,4,1,0,1,7,False,1,1,0.14,0.5,0.194,1,63,64,4
53,54,4,1,0,1,8,False,1,1,0.14,0.5,0.2836,1,153,154,4
54,55,4,1,0,1,9,False,1,1,0.16,0.43,0.3881,7,81,88,4
55,56,4,1,0,1,10,False,1,1,0.18,0.43,0.2537,11,33,44,4
56,57,4,1,0,1,11,False,1,1,0.2,0.4,0.3284,10,41,51,4
57,58,4,1,0,1,12,False,1,1,0.22,0.35,0.2985,13,48,61,4
58,59,4,1,0,1,13,False,1,1,0.24,0.35,0.2836,8,53,61,4
59,60,4,1,0,1,14,False,1,1,0.26,0.3,0.2836,11,66,77,4
60,61,4,1,0,1,15,False,1,1,0.26,0.3,0.2537,14,58,72,4
61,62,4,1,0,1,16,False,1,1,0.26,0.3,0.2537,9,67,76,4
62,63,4,1,0,1,17,False,1,1,0.24,0.3,0.2239,11,146,157,4
63,64,4,1,0,1,18,False,1,1,0.24,0.32,0.1045,9,148,157,4
64,65,4,1,0,1,19,False,1,1,0.2,0.47,0.0,8,102,110,4
65,66,4,1,0,1,20,False,1,1,0.2,0.47,0.1045,3,49,52,4
66,67,4,1,0,1,21,False,1,1,0.18,0.64,0.1343,3,49,52,4
67,68,4,1,0,1,22,False,1,1,0.14,0.69,0.1343,0,20,20,4
68,69,4,1,0,1,23,False,1,1,0.18,0.55,0.1045,1,11,12,4
69,70,6,1,0,1,0,False,2,1,0.16,0.55,0.1045,0,5,5,6
70,71,6,1,0,1,1,False,2,1,0.16,0.59,0.1045,0,2,2,6
71,72,6,1,0,1,2,False,2,1,0.14,0.63,0.1343,0,1,1,6
72,73,6,1,0,1,4,False,2,1,0.14,0.63,0.0896,0,2,2,6
73,74,6,1,0,1,5,False,2,1,0.12,0.68,0.1045,0,4,4,6
74,75,6,1,0,1,6,False,2,1,0.12,0.74,0.1045,0,36,36,6
75,76,6,1,0,1,7,False,2,1,0.12,0.74,0.1343,2,92,94,6
76,77,6,1,0,1,8,False,2,1,0.14,0.69,0.1642,2,177,179,6
77,78,6,1,0,1,9,False,2,1,0.16,0.64,0.2239,2,98,100,6
78,79,6,1,0,1,10,False,2,2,0.16,0.69,0.3284,5,37,42,6
79,80,6,1,0,1,11,False,2,1,0.22,0.51,0.2985,7,50,57,6
80,81,6,1,0,1,12,False,2,1,0.22,0.51,0.1642,12,66,78,6
81,82,6,1,0,1,13,False,2,1,0.24,0.56,0.194,18,79,97,6
82,83,6,1,0,1,14,False,2,1,0.26,0.52,0.2239,9,54,63,6
83,84,6,1,0,1,15,False,2,1,0.28,0.52,0.2537,17,48,65,6
84,85,6,1,0,1,16,False,2,1,0.3,0.49,0.2537,15,68,83,6
85,86,6,1,0,1,17,False,2,1,0.28,0.48,0.2239,10,202,212,6
86,87,6,1,0,1,18,False,2,1,0.26,0.48,0.194,3,179,182,6
87,88,6,1,0,1,19,False,2,1,0.24,0.48,0.1045,2,110,112,6
88,89,6,1,0,1,20,False,2,1,0.24,0.48,0.1045,1,53,54,6
89,90,6,1,0,1,21,False,2,1,0.22,0.64,0.0,0,48,48,6
90,91,6,1,0,1,22,False,2,1,0.22,0.64,0.0896,1,34,35,6
91,92,6,1,0,1,23,False,2,1,0.2,0.69,0.0896,2,9,11,6
92,93,8,1,0,1,0,False,3,1,0.2,0.64,0.0,0,6,6,8
93,94,8,1,0,1,1,False,3,1,0.16,0.74,0.0896,0,6,6,8
94,95,8,1,0,1,2,False,3,1,0.16,0.74,0.0896,0,2,2,8
95,96,8,1,0,1,4,False,3,1,0.24,0.48,0.2239,0,2,2,8
96,97,8,1,0,1,5,False,3,1,0.22,0.47,0.1642,0,3,3,8
97,98,8,1,0,1,6,False,3,1,0.2,0.47,0.2239,0,33,33,8
98,99,8,1,0,1,7,False,3,1,0.18,0.43,0.194,1,87,88,8
99,100,8,1,0,1,8,False,3,1,0.2,0.4,0.2985,3,192,195,8
100,101,8,1,0,1,9,False,3,1,0.22,0.37,0.3284,6,109,115,8
101,102,8,1,0,1,10,False,3,1,0.22,0.37,0.3284,4,53,57,8
102,103,8,1,0,1,11,False,3,1,0.26,0.33,0.3284,12,34,46,8
103,104,8,1,0,1,12,False,3,1,0.26,0.33,0.3284,5,74,79,8
104,105,8,1,0,1,13,False,3,1,0.28,0.3,0.2985,6,65,71,8
105,106,8,1,0,1,14,False,3,1,0.3,0.28,0.194,10,52,62,8
106,107,8,1,0,1,15,False,3,1,0.3,0.28,0.194,7,55,62,8
107,108,8,1,0,1,16,False,3,1,0.3,0.28,0.0896,4,85,89,8
108,109,8,1,0,1,17,False,3,1,0.24,0.38,0.194,4,186,190,8
109,110,8,1,0,1,18,False,3,1,0.24,0.38,0.1343,3,166,169,8
110,111,8,1,0,1,19,False,3,1,0.24,0.38,0.1045,5,127,132,8
111,112,8,1,0,1,20,False,3,1,0.22,0.47,0.1642,7,82,89,8
112,113,8,1,0,1,21,False,3,1,0.2,0.51,0.194,3,40,43,8
113,114,8,1,0,1,22,False,3,1,0.18,0.55,0.1343,1,41,42,8
114,115,8,1,0,1,23,False,3,1,0.2,0.47,0.0,1,18,19,8
115,116,10,1,0,1,0,False,4,1,0.18,0.55,0.0,0,11,11,10
116,117,10,1,0,1,1,False,4,1,0.16,0.64,0.0,0,4,4,10
117,118,10,1,0,1,2,False,4,1,0.16,0.64,0.0,0,2,2,10
118,119,10,1,0,1,4,False,4,2,0.16,0.64,0.0896,0,1,1,10
119,120,10,1,0,1,5,False,4,2,0.14,0.69,0.0896,0,4,4,10
120,121,10,1,0,1,6,False,4,2,0.14,0.63,0.1045,0,36,36,10
121,122,10,1,0,1,7,False,4,2,0.16,0.59,0.0,0,95,95,10
122,123,10,1,0,1,8,False,4,1,0.16,0.59,0.0,3,216,219,10
123,124,10,1,0,1,9,False,4,2,0.18,0.51,0.0,6,116,122,10
124,125,10,1,0,1,10,False,4,1,0.2,0.47,0.0,3,42,45,10
125,126,10,1,0,1,11,False,4,1,0.22,0.44,0.0896,2,57,59,10
126,127,10,1,0,1,12,False,4,1,0.26,0.35,0.0,6,78,84,10
127,128,10,1,0,1,13,False,4,1,0.26,0.35,0.1045,12,55,67,10
128,129,10,1,0,1,14,False,4,1,0.28,0.36,0.1642,11,59,70,10
129,130,10,1,0,1,15,False,4,1,0.28,0.36,0.0,8,54,62,10
130,131,10,1,0,1,16,False,4,1,0.26,0.38,0.1642,12,74,86,10
131,132,10,1,0,1,17,False,4,1,0.22,0.51,0.1642,9,163,172,10
132,133,10,1,0,1,18,False,4,1,0.22,0.51,0.1343,5,158,163,10
133,134,10,1,0,1,19,False,4,1,0.22,0.55,0.0896,3,109,112,10
134,135,10,1,0,1,20,False,4,1,0.2,0.51,0.1642,3,66,69,10
135,136,10,1,0,1,21,False,4,2,0.22,0.55,0.2239,0,48,48,10
136,137,10,1,0,1,22,False,4,2,0.22,0.51,0.2836,1,51,52,10
137,138,10,1,0,1,23,False,4,2,0.2,0.59,0.194,4,19,23,10
138,139,12,1,0,1,0,False,5,2,0.2,0.64,0.194,4,13,17,12
139,140,12,1,0,1,1,False,5,2,0.2,0.69,0.2239,2,5,7,12
140,141,12,1,0,1,2,False,5,2,0.2,0.69,0.2239,0,1,1,12
141,142,12,1,0,1,4,False,5,2,0.2,0.69,0.1343,0,1,1,12
142,143,12,1,0,1,5,False,5,3,0.22,0.55,0.0,0,5,5,12
143,144,12,1,0,1,6,False,5,2,0.2,0.69,0.0,8,26,34,12
144,145,12,1,0,1,7,False,5,1,0.2,0.69,0.1343,8,76,84,12
145,146,12,1,0,1,8,False,5,1,0.2,0.51,0.2537,20,190,210,12
146,147,12,1,0,1,9,False,5,1,0.2,0.47,0.2985,9,125,134,12
147,148,12,1,0,1,10,False,5,1,0.22,0.37,0.3284,16,47,63,12
148,149,12,1,0,1,11,False,5,2,0.2,0.4,0.2239,19,48,67,12
149,150,12,1,0,1,12,False,5,2,0.2,0.37,0.2537,9,50,59,12
150,151,12,1,0,1,13,False,5,2,0.2,0.37,0.2836,9,64,73,12
151,152,12,1,0,1,14,False,5,2,0.2,0.4,0.2537,7,43,50,12
152,153,12,1,0,1,15,False,5,2,0.2,0.37,0.1642,9,63,72,12
153,154,12,1,0,1,16,False,5,2,0.2,0.37,0.1642,5,82,87,12
154,155,12,1,0,1,17,False,5,2,0.2,0.37,0.0,9,178,187,12
155,156,12,1,0,1,18,False,5,1,0.2,0.4,0.0896,7,116,123,12
156,157,12,1,0,1,19,False,5,1,0.16,0.55,0.0896,3,92,95,12
157,158,12,1,0,1,20,False,5,1,0.18,0.47,0.1045,1,50,51,12
158,159,12,1,0,1,21,False,5,1,0.18,0.47,0.1343,0,39,39,12
159,160,12,1,0,1,22,False,5,2,0.18,0.43,0.1642,2,34,36,12
160,161,12,1,0,1,23,False,5,2,0.18,0.51,0.1642,1,14,15,12
161,162,14,1,0,1,0,False,6,2,0.18,0.51,0.1642,1,24,25,14
162,163,14,1,0,1,1,False,6,2,0.18,0.55,0.0896,1,15,16,14
163,164,14,1,0,1,2,False,6,2,0.18,0.55,0.0,3,13,16,14
164,165,14,1,0,1,3,False,6,3,0.18,0.55,0.1642,0,7,7,14
165,166,14,1,0,1,4,False,6,3,0.18,0.55,0.1642,0,1,1,14
166,167,14,1,0,1,5,False,6,2,0.16,0.74,0.1642,0,5,5,14
167,168,14,1,0,1,6,False,6,2,0.16,0.74,0.1642,0,2,2,14
168,169,14,1,0,1,7,False,6,2,0.16,0.74,0.1045,1,8,9,14
169,170,14,1,0,1,8,False,6,3,0.16,0.93,0.1045,0,15,15,14
170,171,14,1,0,1,9,False,6,3,0.16,0.93,0.1045,0,20,20,14
171,172,14,1,0,1,10,False,6,2,0.18,0.8,0.1642,5,56,61,14
172,173,14,1,0,1,11,False,6,2,0.2,0.69,0.3881,2,60,62,14
173,174,14,1,0,1,12,False,6,2,0.2,0.59,0.3582,8,90,98,14
174,175,14,1,0,1,13,False,6,1,0.2,0.44,0.3284,7,95,102,14
175,176,14,1,0,1,14,False,6,1,0.2,0.32,0.4925,12,83,95,14
176,177,14,1,0,1,15,False,6,1,0.2,0.32,0.4478,5,69,74,14
177,178,14,1,0,1,16,False,6,1,0.18,0.29,0.4478,8,68,76,14
178,179,14,1,0,1,17,False,6,1,0.16,0.37,0.5522,5,64,69,14
179,180,14,1,0,1,18,False,6,1,0.14,0.39,0.2985,3,52,55,14
180,181,14,1,0,1,19,False,6,1,0.14,0.36,0.2537,4,26,30,14
181,182,14,1,0,1,20,False,6,1,0.12,0.36,0.2537,0,28,28,14
182,183,14,1,0,1,21,False,6,1,0.12,0.39,0.3582,2,35,37,14
183,184,14,1,0,1,22,False,6,1,0.12,0.36,0.3881,1,33,34,14
184,185,14,1,0,1,23,False,6,1,0.1,0.39,0.4478,0,22,22,14
185,186,16,1,0,1,0,False,0,1,0.1,0.42,0.3881,1,24,25,16
186,187,16,1,0,1,1,False,0,1,0.1,0.42,0.4627,0,12,12,16
187,188,16,1,0,1,2,False,0,1,0.1,0.46,0.4627,0,11,11,16
188,189,16,1,0,1,3,False,0,1,0.1,0.46,0.4179,0,4,4,16
189,190,16,1,0,1,4,False,0,1,0.08,0.53,0.194,0,1,1,16
190,191,16,1,0,1,5,False,0,1,0.08,0.53,0.194,0,1,1,16
191,192,16,1,0,1,6,False,0,1,0.1,0.49,0.2836,0,1,1,16
192,193,16,1,0,1,7,False,0,1,0.08,0.53,0.194,1,5,6,16
193,194,16,1,0,1,8,False,0,1,0.1,0.49,0.2836,0,10,10,16
194,195,16,1,0,1,9,False,0,1,0.12,0.46,0.5224,0,19,19,16
195,196,16,1,0,1,10,False,0,1,0.14,0.43,0.3881,0,49,49,16
196,197,16,1,0,1,11,False,0,1,0.16,0.4,0.5224,2,47,49,16
197,198,16,1,0,1,12,False,0,1,0.18,0.37,0.4478,4,79,83,16
198,199,16,1,0,1,13,False,0,1,0.2,0.34,0.4478,6,69,75,16
199,200,16,1,0,1,14,False,0,1,0.22,0.32,0.4627,8,64,72,16
200,201,16,1,0,1,15,False,0,1,0.22,0.35,0.3582,5,77,82,16
201,202,16,1,0,1,16,False,0,1,0.2,0.34,0.4478,13,79,92,16
202,203,16,1,0,1,17,False,0,1,0.18,0.37,0.3881,3,59,62,16
203,204,16,1,0,1,18,False,0,1,0.16,0.4,0.3284,4,44,48,16
204,205,16,1,0,1,19,False,0,1,0.16,0.43,0.3284,1,40,41,16
205,206,16,1,0,1,20,False,0,1,0.14,0.46,0.2537,0,38,38,16
206,207,16,1,0,1,21,False,0,1,0.14,0.46,0.4179,1,19,20,16
207,208,16,1,0,1,22,False,0,1,0.14,0.46,0.2985,5,10,15,16
208,209,16,1,0,1,23,False,0,1,0.12,0.5,0.194,0,6,6,16
209,210,18,1,0,1,0,False,1,1,0.12,0.5,0.2836,2,3,5,18
210,211,18,1,0,1,1,False,1,1,0.12,0.5,0.2836,1,0,1,18
211,212,18,1,0,1,2,False,1,1,0.12,0.5,0.2239,0,3,3,18
212,213,18,1,0,1,3,False,1,1,0.12,0.5,0.2239,0,1,1,18
213,214,18,1,0,1,4,False,1,1,0.1,0.54,0.1343,1,2,3,18
214,215,18,1,0,1,5,False,1,1,0.1,0.54,0.2537,0,3,3,18
215,216,18,1,0,1,6,False,1,1,0.12,0.5,0.2836,0,31,31,18
216,217,18,1,0,1,7,False,1,1,0.12,0.5,0.2239,2,75,77,18
217,218,18,1,0,1,8,False,1,2,0.12,0.5,0.2836,4,184,188,18
218,219,18,1,0,1,9,False,1,2,0.14,0.5,0.2537,2,92,94,18
219,220,18,1,0,1,10,False,1,2,0.14,0.5,0.2985,0,31,31,18
220,221,18,1,0,1,11,False,1,2,0.16,0.47,0.2836,2,28,30,18
221,222,18,1,0,1,12,False,1,2,0.2,0.4,0.2836,5,47,52,18
222,223,18,1,0,1,13,False,1,2,0.2,0.4,0.2836,4,50,54,18
223,224,18,1,0,1,14,False,1,2,0.2,0.4,0.2239,0,47,47,18
224,225,18,1,0,1,15,False,1,2,0.2,0.4,0.2239,2,43,45,18
225,226,18,1,0,1,16,False,1,1,0.2,0.4,0.1343,4,70,74,18
226,227,18,1,0,1,17,False,1,1,0.2,0.4,0.1045,4,174,178,18
227,228,18,1,0,1,18,False,1,1,0.2,0.4,0.2239,1,154,155,18
228,229,18,1,0,1,19,False,1,1,0.16,0.47,0.1642,3,92,95,18
229,230,18,1,0,1,20,False,1,1,0.16,0.5,0.1642,1,73,74,18
230,231,18,1,0,1,21,False,1,1,0.14,0.59,0.194,1,37,38,18
231,232,18,1,0,1,22,False,1,1,0.14,0.59,0.1642,2,22,24,18
232,233,18,1,0,1,23,False,1,1,0.14,0.59,0.1642,0,18,18,18
233,234,20,1,0,1,0,False,2,1,0.14,0.59,0.1045,2,10,12,20
234,235,20,1,0,1,1,False,2,1,0.14,0.59,0.1642,0,3,3,20
235,236,20,1,0,1,2,False,2,2,0.16,0.55,0.194,0,3,3,20
236,237,20,1,0,1,5,False,2,2,0.16,0.55,0.1343,0,6,6,20
237,238,20,1,0,1,6,False,2,2,0.16,0.55,0.1343,0,27,27,20
238,239,20,1,0,1,7,False,2,2,0.16,0.55,0.0,2,97,99,20
239,240,20,1,0,1,8,False,2,2,0.18,0.51,0.0896,3,214,217,20
240,241,20,1,0,1,9,False,2,2,0.18,0.51,0.1642,3,127,130,20
241,242,20,1,0,1,10,False,2,2,0.2,0.51,0.1642,3,51,54,20
242,243,20,1,0,1,11,False,2,2,0.2,0.47,0.1343,4,31,35,20
243,244,20,1,0,1,12,False,2,2,0.2,0.51,0.1045,2,55,57,20
244,245,20,1,0,1,13,False,2,2,0.2,0.59,0.0896,6,46,52,20
245,246,20,1,0,1,14,False,2,2,0.2,0.59,0.0896,3,60,63,20
246,247,20,1,0,1,15,False,2,2,0.16,0.8,0.0896,2,45,47,20
247,248,20,1,0,1,16,False,2,2,0.16,0.86,0.2239,4,72,76,20
248,249,20,1,0,1,17,False,2,2,0.16,0.86,0.2239,6,130,136,20
249,250,20,1,0,1,18,False,2,3,0.16,0.93,0.1045,1,94,95,20
250,251,20,1,0,1,19,False,2,3,0.16,0.93,0.0,0,51,51,20
251,252,20,1,0,1,20,False,2,3,0.16,0.93,0.194,0,32,32,20
252,253,20,1,0,1,21,False,2,3,0.16,0.86,0.0896,0,20,20,20
253,254,20,1,0,1,22,False,2,3,0.16,0.93,0.1045,1,28,29,20
254,255,20,1,0,1,23,False,2,3,0.16,0.93,0.0896,1,18,19,20
255,256,22,1,0,1,0,False,3,2,0.16,0.86,0.0896,0,7,7,22
256,257,22,1,0,1,1,False,3,2,0.16,0.86,0.1045,0,6,6,22
257,258,22,1,0,1,2,False,3,1,0.14,0.86,0.1343,0,1,1,22
258,259,22,1,0,1,5,False,3,1,0.14,0.86,0.1642,0,5,5,22
259,260,22,1,0,1,6,False,3,1,0.12,0.93,0.1343,0,16,16,22
260,261,22,1,0,1,7,False,3,1,0.14,0.69,0.1343,0,54,54,22
261,262,22,1,0,1,8,False,3,1,0.16,0.59,0.1642,3,125,128,22
262,263,22,1,0,1,9,False,3,1,0.16,0.59,0.3284,3,78,81,22
263,264,22,1,0,1,10,False,3,1,0.18,0.55,0.2239,0,39,39,22
264,265,22,1,0,1,11,False,3,1,0.2,0.51,0.3881,3,32,35,22
265,266,22,1,0,1,12,False,3,1,0.2,0.47,0.5821,3,52,55,22
266,267,22,1,0,1,13,False,3,1,0.22,0.44,0.3582,0,49,49,22
267,268,22,1,0,1,14,False,3,1,0.2,0.47,0.3284,0,44,44,22
268,269,22,1,0,1,15,False,3,1,0.2,0.47,0.4179,1,48,49,22
269,270,22,1,0,1,16,False,3,1,0.22,0.44,0.3284,5,63,68,22
270,271,22,1,0,1,17,False,3,1,0.2,0.47,0.3582,0,139,139,22
271,272,22,1,0,1,18,False,3,1,0.2,0.47,0.5224,2,135,137,22
272,273,22,1,0,1,19,False,3,1,0.18,0.47,0.4179,1,82,83,22
273,274,22,1,0,1,20,False,3,1,0.16,0.5,0.3284,2,54,56,22
274,275,22,1,0,1,21,False,3,1,0.16,0.55,0.3284,0,57,57,22
275,276,22,1,0,1,22,False,3,1,0.16,0.55,0.4478,1,32,33,22
276,277,22,1,0,1,23,False,3,1,0.14,0.59,0.4179,1,19,20,22
277,278,24,1,0,1,0,False,4,1,0.14,0.59,0.2836,1,6,7,24
278,279,24,1,0,1,1,False,4,1,0.14,0.5,0.2836,0,2,2,24
279,280,24,1,0,1,2,False,4,1,0.14,0.5,0.3582,0,2,2,24
280,281,24,1,0,1,3,False,4,1,0.14,0.5,0.3284,0,3,3,24
281,282,24,1,0,1,4,False,4,1,0.14,0.5,0.2537,0,4,4,24
282,283,24,1,0,1,5,False,4,1,0.14,0.5,0.2985,0,3,3,24
283,284,24,1,0,1,6,False,4,1,0.12,0.54,0.1343,0,28,28,24
284,285,24,1,0,1,7,False,4,1,0.12,0.54,0.1343,0,72,72,24
285,286,24,1,0,1,8,False,4,1,0.14,0.5,0.194,5,197,202,24
286,287,24,1,0,1,9,False,4,1,0.14,0.5,0.3284,2,137,139,24
287,288,24,1,0,1,10,False,4,2,0.16,0.5,0.3582,2,36,38,24
288,289,24,1,0,1,11,False,4,2,0.2,0.44,0.4478,4,33,37,24
289,290,24,1,0,1,12,False,4,1,0.2,0.44,0.4179,3,49,52,24
290,291,24,1,0,1,13,False,4,1,0.22,0.41,0.4478,2,81,83,24
291,292,24,1,0,1,14,False,4,1,0.22,0.41,0.3881,3,39,42,24
292,293,24,1,0,1,15,False,4,1,0.24,0.38,0.2985,5,55,60,24
293,294,24,1,0,1,16,False,4,1,0.24,0.38,0.3582,2,76,78,24
294,295,24,1,0,1,17,False,4,1,0.2,0.4,0.2836,4,158,162,24
295,296,24,1,0,1,18,False,4,1,0.2,0.4,0.3284,3,141,144,24
296,297,24,1,0,1,19,False,4,1,0.16,0.47,0.2537,1,98,99,24
297,298,24,1,0,1,20,False,4,1,0.16,0.47,0.2239,0,64,64,24
298,299,24,1,0,1,21,False,4,1,0.14,0.46,0.2985,0,40,40,24
299,300,24,1,0,1,22,False,4,1,0.14,0.46,0.3284,0,30,30,24
300,301,24,1,0,1,23,False,4,1,0.12,0.5,0.194,1,14,15,24
301,302,26,1,0,1,0,False,5,1,0.12,0.5,0.194,0,14,14,26
302,303,26,1,0,1,1,False,5,1,0.1,0.54,0.1642,0,5,5,26
303,304,26,1,0,1,2,False,5,1,0.1,0.54,0.1343,0,1,1,26
304,305,26,1,0,1,3,False,5,1,0.1,0.54,0.1045,0,1,1,26
305,306,26,1,0,1,5,False,5,1,0.1,0.54,0.0896,0,8,8,26
306,307,26,1,0,1,6,False,5,1,0.1,0.54,0.0,0,17,17,26
307,308,26,1,0,1,7,False,5,1,0.1,0.74,0.1642,0,70,70,26
308,309,26,1,0,1,8,False,5,1,0.12,0.68,0.0,2,156,158,26
309,310,26,1,0,1,9,False,5,1,0.14,0.69,0.1343,0,117,117,26
310,311,26,1,0,1,10,False,5,1,0.18,0.55,0.194,4,40,44,26
311,312,26,1,0,1,11,False,5,1,0.18,0.51,0.2836,6,47,53,26
312,313,26,1,0,1,12,False,5,1,0.2,0.44,0.2537,2,59,61,26
313,314,26,1,0,1,13,False,5,1,0.22,0.37,0.3881,4,73,77,26
314,315,26,1,0,1,14,False,5,1,0.22,0.41,0.2836,5,59,64,26
315,316,26,1,0,1,15,False,5,1,0.24,0.38,0.1642,9,59,68,26
316,317,26,1,0,1,16,False,5,1,0.22,0.41,0.1045,3,87,90,26
317,318,26,1,0,1,17,False,5,1,0.22,0.41,0.1642,4,155,159,26
318,319,26,1,0,1,18,False,5,1,0.2,0.47,0.0,5,134,139,26
319,320,26,1,0,1,19,False,5,1,0.16,0.59,0.0896,3,89,92,26
320,321,26,1,0,1,20,False,5,1,0.18,0.59,0.0,0,68,68,26
321,322,26,1,0,1,21,False,5,1,0.16,0.69,0.0,4,48,52,26
322,323,26,1,0,1,22,False,5,2,0.16,0.69,0.0,2,34,36,26
323,324,26,1,0,1,23,False,5,2,0.18,0.55,0.0,1,26,27,26
324,325,28,1,0,1,0,False,6,1,0.18,0.55,0.0,3,25,28,28
325,326,28,1,0,1,1,False,6,2,0.16,0.59,0.0896,2,18,20,28
326,327,28,1,0,1,2,False,6,2,0.16,0.59,0.0896,0,12,12,28
327,328,28,1,0,1,3,False,6,2,0.16,0.59,0.0,1,7,8,28
328,329,28,1,0,1,4,False,6,2,0.16,0.59,0.0,0,5,5,28
329,330,28,1,0,1,5,False,6,1,0.16,0.59,0.0,0,1,1,28
330,331,28,1,0,1,6,False,6,1,0.14,0.63,0.1045,1,2,3,28
331,332,28,1,0,1,7,False,6,1,0.14,0.63,0.0,1,9,10,28
332,333,28,1,0,1,8,False,6,1,0.14,0.63,0.1343,1,22,23,28
333,334,28,1,0,1,9,False,6,1,0.16,0.64,0.1343,2,31,33,28
334,335,28,1,0,1,10,False,6,1,0.18,0.59,0.1642,2,57,59,28
335,336,28,1,0,1,11,False,6,1,0.2,0.55,0.2239,18,54,72,28
336,337,28,1,0,1,12,False,6,1,0.24,0.48,0.2239,15,74,89,28
337,338,28,1,0,1,13,False,6,1,0.28,0.38,0.2985,21,80,101,28
338,339,28,1,0,1,14,False,6,1,0.3,0.39,0.2836,26,92,118,28
339,340,28,1,0,1,15,False,6,2,0.32,0.36,0.194,21,108,129,28
340,341,28,1,0,1,16,False,6,2,0.34,0.34,0.194,33,95,128,28
341,342,28,1,0,1,17,False,6,2,0.32,0.36,0.2836,29,54,83,28
342,343,28,1,0,1,18,False,6,2,0.3,0.45,0.2537,15,69,84,28
343,344,28,1,0,1,19,False,6,2,0.32,0.39,0.2537,14,60,74,28
344,345,28,1,0,1,20,False,6,2,0.32,0.39,0.2537,6,35,41,28
345,346,28,1,0,1,21,False,6,2,0.32,0.39,0.2239,6,51,57,28
346,347,28,1,0,1,22,False,6,2,0.3,0.42,0.1045,0,26,26,28
347,348,28,1,0,1,23,False,6,1,0.3,0.45,0.2836,5,39,44,28
348,349,29,1,0,1,0,False,0,1,0.26,0.56,0.0,6,33,39,29
349,350,29,1,0,1,1,False,0,1,0.26,0.56,0.1343,4,19,23,29
350,351,29,1,0,1,2,False,0,1,0.26,0.56,0.0896,3,13,16,29
351,352,29,1,0,1,3,False,0,1,0.22,0.69,0.0,9,6,15,29
352,353,29,1,0,1,4,False,0,1,0.26,0.56,0.1642,0,1,1,29
353,354,29,1,0,1,5,False,0,2,0.26,0.56,0.1642,1,1,2,29
354,355,29,1,0,1,6,False,0,2,0.26,0.56,0.1642,0,1,1,29
355,356,29,1,0,1,7,False,0,2,0.24,0.56,0.2985,0,3,3,29
356,357,29,1,0,1,8,False,0,1,0.22,0.55,0.2836,0,18,18,29
357,358,29,1,0,1,9,False,0,1,0.22,0.51,0.2537,3,29,32,29
358,359,29,1,0,1,10,False,0,1,0.22,0.51,0.2836,8,71,79,29
359,360,29,1,0,1,11,False,0,1,0.24,0.44,0.2537,23,70,93,29
360,361,29,1,0,1,12,False,0,1,0.24,0.41,0.2836,29,75,104,29
361,362,29,1,0,1,13,False,0,1,0.26,0.35,0.2985,23,95,118,29
362,363,29,1,0,1,14,False,0,1,0.28,0.36,0.2537,22,69,91,29
363,364,29,1,0,1,15,False,0,1,0.26,0.38,0.2537,35,78,113,29
364,365,29,1,0,1,16,False,0,1,0.24,0.38,0.2239,22,77,99,29
365,366,29,1,0,1,17,False,0,1,0.22,0.37,0.2537,23,82,105,29
366,367,29,1,0,1,18,False,0,1,0.2,0.4,0.1642,11,56,67,29
367,368,29,1,0,1,19,False,0,1,0.18,0.47,0.1343,14,47,61,29
368,369,29,1,0,1,20,False,0,1,0.18,0.47,0.1642,7,50,57,29
369,370,29,1,0,1,21,False,0,1,0.18,0.51,0.1642,6,22,28,29
370,371,29,1,0,1,22,False,0,2,0.2,0.49,0.1343,2,19,21,29
371,372,29,1,0,1,23,False,0,2,0.2,0.4,0.1045,0,18,18,29
372,373,30,1,0,1,0,True,1,2,0.2,0.47,0.2239,1,16,17,30
373,374,30,1,0,1,1,True,1,2,0.2,0.44,0.194,1,15,16,30
374,375,30,1,0,1,2,True,1,2,0.18,0.43,0.2537,0,8,8,30
375,376,30,1,0,1,3,True,1,2,0.18,0.43,0.194,0,2,2,30
376,377,30,1,0,1,4,True,1,2,0.18,0.43,0.1343,1,2,3,30
377,378,30,1,0,1,5,True,1,2,0.18,0.43,0.1642,0,1,1,30
378,379,30,1,0,1,6,True,1,2,0.18,0.43,0.194,0,5,5,30
379,380,30,1,0,1,7,True,1,2,0.16,0.5,0.1343,4,9,13,30
380,381,30,1,0,1,8,True,1,2,0.16,0.47,0.2239,3,30,33,30
381,382,30,1,0,1,9,True,1,2,0.16,0.47,0.2239,8,39,47,30
382,383,30,1,0,1,10,True,1,2,0.16,0.5,0.2537,7,50,57,30
383,384,30,1,0,1,11,True,1,2,0.16,0.55,0.194,9,55,64,30
384,385,30,1,0,1,12,True,1,2,0.18,0.47,0.1343,10,70,80,30
385,386,30,1,0,1,13,True,1,2,0.18,0.47,0.1343,13,80,93,30
386,387,30,1,0,1,14,True,1,2,0.18,0.43,0.1045,12,74,86,30
387,388,30,1,0,1,15,True,1,2,0.2,0.47,0.1642,21,72,93,30
388,389,30,1,0,1,16,True,1,2,0.2,0.47,0.1642,6,76,82,30
389,390,30,1,0,1,17,True,1,1,0.2,0.51,0.194,4,67,71,30
390,391,30,1,0,1,18,True,1,2,0.18,0.55,0.2537,7,85,92,30
391,392,30,1,0,1,19,True,1,3,0.18,0.59,0.194,2,58,60,30
392,393,30,1,0,1,20,True,1,3,0.16,0.8,0.194,4,29,33,30
393,394,30,1,0,1,21,True,1,3,0.16,0.8,0.194,3,24,27,30
394,395,30,1,0,1,22,True,1,3,0.14,0.93,0.2537,0,13,13,30
395,396,30,1,0,1,23,True,1,3,0.16,0.86,0.2836,1,3,4,30
396,397,31,1,0,1,12,False,2,2,0.2,0.86,0.3284,0,3,3,31
397,398,31,1,0,1,13,False,2,2,0.2,0.86,0.2239,0,22,22,31
398,399,31,1,0,1,14,False,2,2,0.22,0.8,0.1642,2,26,28,31
399,400,31,1,0,1,15,False,2,2,0.22,0.87,0.1642,3,32,35,31
400,401,31,1,0,1,16,False,2,2,0.22,0.87,0.194,0,61,61,31
401,402,31,1,0,1,17,False,2,2,0.22,0.82,0.194,1,124,125,31
402,403,31,1,0,1,18,False,2,2,0.22,0.8,0.1642,1,132,133,31
403,404,31,1,0,1,19,False,2,2,0.22,0.8,0.1343,1,98,99,31
404,405,31,1,0,1,20,False,2,2,0.22,0.87,0.0,0,83,83,31
405,406,31,1,0,1,21,False,2,2,0.22,0.93,0.1045,0,41,41,31
406,407,31,1,0,1,22,False,2,2,0.22,0.93,0.0896,0,33,33,31
407,408,31,1,0,1,23,False,2,2,0.22,0.93,0.0,1,19,20,31
408,409,32,1,0,1,0,False,3,2,0.22,0.93,0.0,0,3,3,32
409,410,32,1,0,1,1,False,3,3,0.22,0.93,0.1343,1,6,7,32
410,411,32,1,0,1,2,False,3,3,0.22,0.93,0.1343,0,3,3,32
411,412,32,1,0,1,4,False,3,3,0.22,0.93,0.1343,1,1,2,32
412,413,32,1,0,1,5,False,3,2,0.22,0.93,0.0896,0,7,7,32
413,414,32,1,0,1,6,False,3,2,0.22,0.93,0.0896,0,32,32,32
414,415,32,1,0,1,7,False,3,2,0.24,0.92,0.1045,1,89,90,32
415,416,32,1,0,1,8,False,3,2,0.24,0.93,0.1045,1,196,197,32
416,417,32,1,0,1,9,False,3,2,0.24,0.93,0.1045,2,107,109,32
417,418,32,1,0,1,10,False,3,2,0.26,0.93,0.1343,1,46,47,32
418,419,32,1,0,1,11,False,3,2,0.28,0.87,0.0896,5,47,52,32
419,420,32,1,0,1,12,False,3,2,0.3,0.81,0.0896,5,65,70,32
420,421,32,1,0,1,13,False,3,1,0.4,0.62,0.2836,11,67,78,32
421,422,32,1,0,1,14,False,3,1,0.4,0.58,0.2537,7,68,75,32
422,423,32,1,0,1,15,False,3,1,0.4,0.54,0.2836,4,78,82,32
423,424,32,1,0,1,16,False,3,1,0.38,0.58,0.3881,10,94,104,32
424,425,32,1,0,1,17,False,3,1,0.36,0.57,0.3284,7,190,197,32
425,426,32,1,0,1,18,False,3,1,0.34,0.61,0.2836,5,156,161,32
426,427,32,1,0,1,19,False,3,1,0.32,0.57,0.4179,4,108,112,32
427,428,32,1,0,1,20,False,3,1,0.32,0.49,0.2985,2,74,76,32
428,429,32,1,0,1,21,False,3,1,0.32,0.49,0.4179,4,55,59,32
429,430,32,1,0,1,22,False,3,1,0.3,0.52,0.1642,6,53,59,32
430,431,32,1,0,1,23,False,3,1,0.3,0.52,0.4627,1,27,28,32
431,432,33,1,0,1,0,False,4,1,0.26,0.56,0.3881,5,8,13,33
432,433,33,1,0,1,1,False,4,1,0.26,0.56,0.0,2,3,5,33
433,434,33,1,0,1,2,False,4,1,0.26,0.56,0.0,0,2,2,33
434,435,33,1,0,1,3,False,4,1,0.26,0.56,0.1642,0,1,1,33
435,436,33,1,0,1,4,False,4,1,0.26,0.56,0.1642,0,1,1,33
436,437,33,1,0,1,5,False,4,1,0.24,0.6,0.2239,0,6,6,33
437,438,33,1,0,1,6,False,4,1,0.22,0.6,0.2239,0,35,35,33
438,439,33,1,0,1,7,False,4,1,0.22,0.55,0.2239,1,100,101,33
439,440,33,1,0,1,8,False,4,1,0.22,0.55,0.2836,2,247,249,33
440,441,33,1,0,1,9,False,4,2,0.24,0.52,0.2239,3,140,143,33
441,442,33,1,0,1,10,False,4,1,0.26,0.48,0.2985,1,56,57,33
442,443,33,1,0,1,11,False,4,2,0.28,0.45,0.1642,5,63,68,33
443,444,33,1,0,1,12,False,4,2,0.3,0.42,0.0,7,77,84,33
444,445,33,1,0,1,13,False,4,2,0.28,0.45,0.1045,12,86,98,33
445,446,33,1,0,1,14,False,4,2,0.3,0.45,0.1343,6,75,81,33
446,447,33,1,0,1,15,False,4,2,0.32,0.45,0.194,8,62,70,33
447,448,33,1,0,1,16,False,4,2,0.3,0.49,0.1343,8,83,91,33
448,449,33,1,0,1,17,False,4,2,0.3,0.49,0.1045,8,207,215,33
449,450,33,1,0,1,18,False,4,2,0.26,0.56,0.194,1,184,185,33
450,451,33,1,0,1,19,False,4,1,0.26,0.56,0.3284,6,146,152,33
451,452,33,1,0,1,20,False,4,2,0.26,0.6,0.2836,2,124,126,33
452,453,33,1,0,1,21,False,4,2,0.24,0.6,0.2537,3,54,57,33
453,454,33,1,0,1,22,False,4,2,0.24,0.65,0.2836,0,56,56,33
454,455,33,1,0,1,23,False,4,2,0.24,0.65,0.3284,3,28,31,33
455,456,34,1,0,1,0,False,5,2,0.24,0.7,0.2537,1,20,21,34
456,457,34,1,0,1,1,False,5,2,0.24,0.7,0.2537,0,6,6,34
457,458,34,1,0,1,2,False,5,3,0.24,0.75,0.1642,0,2,2,34
458,459,34,1,0,1,3,False,5,3,0.22,0.8,0.2985,0,1,1,34
459,460,34,1,0,1,4,False,5,2,0.22,0.87,0.0896,0,1,1,34
460,461,34,1,0,1,5,False,5,1,0.24,0.6,0.4179,1,4,5,34
461,462,34,1,0,1,6,False,5,1,0.22,0.55,0.2537,0,27,27,34
462,463,34,1,0,1,7,False,5,1,0.2,0.51,0.2836,2,66,68,34
463,464,34,1,0,1,8,False,5,1,0.2,0.47,0.3284,7,210,217,34
464,465,34,1,0,1,9,False,5,1,0.2,0.51,0.3582,7,159,166,34
465,466,34,1,0,1,10,False,5,1,0.2,0.47,0.4627,6,57,63,34
466,467,34,1,0,1,11,False,5,1,0.22,0.41,0.4627,6,53,59,34
467,468,34,1,0,1,12,False,5,1,0.22,0.27,0.5821,11,67,78,34
468,469,34,1,0,1,13,False,5,1,0.2,0.21,0.5821,8,65,73,34
469,470,34,1,0,1,14,False,5,1,0.2,0.25,0.5224,6,56,62,34
470,471,34,1,0,1,15,False,5,1,0.16,0.26,0.4478,4,61,65,34
471,472,34,1,0,1,16,False,5,1,0.16,0.26,0.3582,0,97,97,34
472,473,34,1,0,1,17,False,5,1,0.14,0.28,0.3582,10,151,161,34
473,474,34,1,0,1,18,False,5,1,0.12,0.3,0.2537,1,119,120,34
474,475,34,1,0,1,19,False,5,1,0.12,0.3,0.3284,3,93,96,34
475,476,34,1,0,1,20,False,5,1,0.1,0.33,0.4179,1,52,53,34
476,477,34,1,0,1,21,False,5,1,0.08,0.38,0.2836,0,41,41,34
477,478,34,1,0,1,22,False,5,1,0.06,0.41,0.3881,1,33,34,34
478,479,34,1,0,1,23,False,5,1,0.06,0.38,0.3284,0,27,27,34
489,490,35,1,0,1,11,False,6,2,0.06,0.38,0.1343,4,59,63,35
490,491,35,1,0,1,12,False,6,2,0.06,0.38,0.1045,10,60,70,35
491,492,35,1,0,1,13,False,6,1,0.08,0.35,0.0,12,72,84,35
492,493,35,1,0,1,14,False,6,1,0.1,0.33,0.1045,11,64,75,35
493,494,35,1,0,1,15,False,6,1,0.12,0.28,0.0,10,93,103,35
494,495,35,1,0,1,16,False,6,1,0.12,0.28,0.194,11,72,83,35
495,496,35,1,0,1,17,False,6,1,0.12,0.28,0.0,8,59,67,35
496,497,35,1,0,1,18,False,6,1,0.08,0.35,0.194,0,54,54,35
497,498,35,1,0,1,19,False,6,1,0.08,0.35,0.1343,6,53,59,35
498,499,35,1,0,1,20,False,6,1,0.06,0.45,0.1642,1,44,45,35
499,500,35,1,0,1,21,False,6,1,0.06,0.41,0.0896,0,39,39,35
500,501,35,1,0,1,22,False,6,1,0.06,0.49,0.0,7,23,30,35
508,509,36,1,0,1,7,False,0,1,0.08,0.58,0.1642,1,1,2,36
509,510,36,1,0,1,8,False,0,1,0.06,0.62,0.1642,2,17,19,36
510,511,36,1,0,1,9,False,0,1,0.1,0.54,0.3582,3,25,28,36
511,512,36,1,0,1,10,False,0,1,0.14,0.46,0.3881,7,51,58,36
512,513,36,1,0,1,11,False,0,1,0.14,0.43,0.2239,22,77,99,36
513,514,36,1,0,1,12,False,0,1,0.16,0.37,0.4627,24,92,116,36
514,515,36,1,0,1,13,False,0,1,0.14,0.33,0.3881,12,75,87,36
515,516,36,1,0,1,14,False,0,1,0.16,0.28,0.3582,17,93,110,36
516,517,36,1,0,1,15,False,0,1,0.16,0.28,0.3582,13,64,77,36
517,518,36,1,0,1,16,False,0,1,0.16,0.26,0.3284,9,56,65,36
518,519,36,1,0,1,17,False,0,1,0.14,0.26,0.3881,5,50,55,36
519,520,36,1,0,1,18,False,0,1,0.12,0.3,0.2537,5,44,49,36
520,521,36,1,0,1,19,False,0,1,0.12,0.3,0.2836,5,45,50,36
521,522,36,1,0,1,20,False,0,1,0.1,0.36,0.2537,4,31,35,36
522,523,36,1,0,1,21,False,0,1,0.1,0.36,0.194,5,20,25,36
523,524,36,1,0,1,22,False,0,1,0.08,0.38,0.194,5,23,28,36
524,525,36,1,0,1,23,False,0,1,0.06,0.41,0.2239,4,17,21,36
525,526,37,1,0,1,0,False,1,1,0.06,0.41,0.194,0,7,7,37
533,534,37,1,0,1,9,False,1,1,0.06,0.41,0.0,4,98,102,37
534,535,37,1,0,1,10,False,1,1,0.1,0.42,0.0,6,34,40,37
535,536,37,1,0,1,11,False,1,1,0.1,0.46,0.1343,3,43,46,37
536,537,37,1,0,1,12,False,1,2,0.12,0.42,0.194,11,52,63,37
537,538,37,1,0,1,13,False,1,2,0.14,0.43,0.2239,6,54,60,37
538,539,37,1,0,1,14,False,1,2,0.14,0.46,0.2239,2,43,45,37
539,540,37,1,0,1,15,False,1,1,0.16,0.4,0.1642,7,50,57,37
540,541,37,1,0,1,16,False,1,1,0.16,0.47,0.2537,4,66,70,37
541,542,37,1,0,1,17,False,1,1,0.14,0.5,0.2537,6,178,184,37
542,543,37,1,0,1,18,False,1,1,0.14,0.59,0.194,8,145,153,37
543,544,37,1,0,1,19,False,1,1,0.14,0.54,0.1642,5,101,106,37
544,545,37,1,0,1,20,False,1,1,0.14,0.59,0.194,1,80,81,37
545,546,37,1,0,1,21,False,1,1,0.14,0.63,0.1642,6,53,59,37
546,547,37,1,0,1,22,False,1,2,0.14,0.63,0.2239,3,32,35,37
547,548,37,1,0,1,23,False,1,2,0.16,0.64,0.2537,3,21,24,37
548,549,38,1,0,1,0,False,2,2,0.16,0.69,0.2836,3,6,9,38
549,550,38,1,0,1,1,False,2,2,0.16,0.69,0.1642,0,5,5,38
550,551,38,1,0,1,2,False,2,1,0.16,0.69,0.2239,0,2,2,38
551,552,38,1,0,1,4,False,2,1,0.14,0.74,0.1045,0,1,1,38
552,553,38,1,0,1,5,False,2,1,0.14,0.74,0.2239,0,9,9,38
553,554,38,1,0,1,6,False,2,1,0.16,0.74,0.1045,1,35,36,38
554,555,38,1,0,1,7,False,2,1,0.16,0.74,0.2239,5,103,108,38
555,556,38,1,0,1,8,False,2,2,0.16,0.74,0.1343,5,233,238,38
556,557,38,1,0,1,9,False,2,2,0.2,0.64,0.0896,10,134,144,38
557,558,38,1,0,1,10,False,2,2,0.22,0.6,0.1045,6,49,55,38
558,559,38,1,0,1,11,False,2,2,0.24,0.6,0.1343,6,55,61,38
559,560,38,1,0,1,12,False,2,2,0.26,0.56,0.0896,21,85,106,38
560,561,38,1,0,1,13,False,2,2,0.26,0.56,0.1343,21,72,93,38
561,562,38,1,0,1,14,False,2,2,0.3,0.45,0.0,11,57,68,38
562,563,38,1,0,1,15,False,2,2,0.32,0.42,0.0,21,63,84,38
563,564,38,1,0,1,16,False,2,2,0.32,0.42,0.0,14,102,116,38
564,565,38,1,0,1,17,False,2,1,0.3,0.45,0.0,14,208,222,38
565,566,38,1,0,1,18,False,2,2,0.3,0.49,0.0896,7,218,225,38
566,567,38,1,0,1,19,False,2,2,0.26,0.65,0.1642,13,133,146,38
567,568,38,1,0,1,20,False,2,1,0.24,0.65,0.194,16,103,119,38
568,569,38,1,0,1,21,False,2,1,0.24,0.65,0.194,5,40,45,38
569,570,38,1,0,1,22,False,2,1,0.22,0.64,0.1642,4,49,53,38
570,571,38,1,0,1,23,False,2,2,0.22,0.64,0.1642,3,37,40,38
571,572,39,1,0,1,0,False,3,2,0.22,0.69,0.1343,3,14,17,39
572,573,39,1,0,1,1,False,3,2,0.24,0.65,0.1343,0,5,5,39
573,574,39,1,0,1,2,False,3,3,0.22,0.69,0.194,3,7,10,39
574,575,39,1,0,1,5,False,3,3,0.2,0.86,0.2836,0,1,1,39
575,576,39,1,0,1,6,False,3,3,0.2,0.86,0.2836,0,8,8,39
576,577,39,1,0,1,7,False,3,3,0.22,0.87,0.2985,1,29,30,39
577,578,39,1,0,1,8,False,3,3,0.22,0.87,0.2985,3,69,72,39
578,579,39,1,0,1,9,False,3,3,0.22,0.87,0.2985,3,55,58,39
579,580,39,1,0,1,10,False,3,3,0.22,0.93,0.2836,2,26,28,39
580,581,39,1,0,1,11,False,3,3,0.22,0.93,0.3284,6,35,41,39
581,582,39,1,0,1,12,False,3,3,0.22,0.93,0.3284,7,41,48,39
582,583,39,1,0,1,13,False,3,3,0.22,0.93,0.3284,4,43,47,39
583,584,39,1,0,1,14,False,3,3,0.22,0.93,0.3582,0,36,36,39
584,585,39,1,0,1,15,False,3,3,0.22,0.93,0.4627,1,42,43,39
585,586,39,1,0,1,16,False,3,4,0.22,0.93,0.3284,1,35,36,39
586,587,39,1,0,1,17,False,3,3,0.2,0.93,0.3582,0,26,26,39
587,588,40,1,0,1,16,False,4,1,0.22,0.55,0.194,1,23,24,40
588,589,40,1,0,1,17,False,4,1,0.22,0.55,0.1045,2,82,84,40
589,590,40,1,0,1,18,False,4,1,0.2,0.69,0.0896,3,101,104,40
590,591,40,1,0,1,19,False,4,1,0.2,0.69,0.0896,3,76,79,40
591,592,40,1,0,1,20,False,4,1,0.18,0.74,0.0896,4,55,59,40
592,593,40,1,0,1,21,False,4,1,0.18,0.74,0.0896,2,36,38,40
593,594,40,1,0,1,22,False,4,1,0.18,0.74,0.0896,0,27,27,40
594,595,40,1,0,1,23,False,4,1,0.18,0.8,0.1642,0,16,16,40
595,596,41,1,0,1,0,False,5,2,0.2,0.75,0.1343,0,9,9,41
596,597,41,1,0,1,1,False,5,2,0.2,0.75,0.1343,1,2,3,41
597,598,41,1,0,1,2,False,5,2,0.2,0.75,0.1642,0,2,2,41
598,599,41,1,0,1,3,False,5,2,0.2,0.75,0.1045,1,0,1,41
599,600,41,1,0,1,5,False,5,2,0.18,0.8,0.1045,0,4,4,41
600,601,41,1,0,1,6,False,5,2,0.18,0.8,0.1343,0,16,16,41
601,602,41,1,0,1,7,False,5,2,0.16,0.86,0.0896,2,58,60,41
602,603,41,1,0,1,8,False,5,2,0.16,0.86,0.0896,2,155,157,41
603,604,41,1,0,1,9,False,5,3,0.18,0.86,0.0896,6,95,101,41
604,605,41,1,0,1,10,False,5,3,0.18,0.86,0.1045,0,49,49,41
605,606,41,1,0,1,11,False,5,3,0.18,0.93,0.1045,0,30,30,41
606,607,41,1,0,1,12,False,5,3,0.18,0.93,0.1045,1,28,29,41
607,608,41,1,0,1,13,False,5,3,0.18,0.93,0.1045,0,31,31,41
608,609,41,1,0,1,14,False,5,3,0.22,0.8,0.0,2,36,38,41
609,610,41,1,0,1,15,False,5,2,0.2,0.86,0.0,1,40,41,41
0,620,42,1,0,1,1,False,6,1,0.22,0.64,0.194,0,20,20,42
1,621,42,1,0,1,2,False,6,1,0.22,0.64,0.1642,0,15,15,42
2,622,42,1,0,1,3,False,6,1,0.2,0.64,0.1343,3,5,8,42
3,623,42,1,0,1,4,False,6,1,0.16,0.69,0.1045,1,2,3,42
4,624,42,1,0,1,6,False,6,1,0.16,0.64,0.1343,0,2,2,42
5,625,42,1,0,1,7,False,6,1,0.16,0.59,0.1045,1,4,5,42
6,626,42,1,0,1,8,False,6,1,0.18,0.55,0.1642,3,31,34,42
7,627,42,1,0,1,9,False,6,1,0.18,0.59,0.0896,0,34,34,42
8,628,42,1,0,1,10,False,6,2,0.18,0.64,0.1045,4,51,55,42
9,629,42,1,0,1,11,False,6,2,0.18,0.64,0.1343,4,60,64,42
10,630,42,1,0,1,12,False,6,2,0.2,0.59,0.194,12,66,78,42
11,631,42,1,0,1,13,False,6,2,0.22,0.55,0.1642,9,56,65,42
12,632,42,1,0,1,14,False,6,2,0.22,0.6,0.1343,10,89,99,42
13,633,42,1,0,1,15,False,6,1,0.22,0.69,0.2537,22,98,120,42
14,634,42,1,0,1,16,False,6,1,0.24,0.6,0.1642,19,88,107,42
15,635,42,1,0,1,17,False,6,1,0.24,0.6,0.0,9,82,91,42
16,636,42,1,0,1,18,False,6,1,0.22,0.69,0.1343,9,59,68,42
17,637,42,1,0,1,19,False,6,2,0.22,0.69,0.2537,6,52,58,42
18,638,42,1,0,1,20,False,6,1,0.18,0.74,0.0896,1,42,43,42
19,639,42,1,0,1,21,False,6,1,0.18,0.74,0.0896,1,35,36,42
20,640,42,1,0,1,22,False,6,1,0.16,0.8,0.0896,4,28,32,42
21,641,42,1,0,1,23,False,6,1,0.16,0.8,0.0896,3,30,33,42
22,642,43,1,0,1,0,False,0,1,0.16,0.8,0.1045,0,33,33,43
23,643,43,1,0,1,1,False,0,1,0.14,0.8,0.0,7,22,29,43
24,644,43,1,0,1,2,False,0,1,0.16,0.8,0.0,1,10,11,43
25,645,43,1,0,1,3,False,0,1,0.14,0.93,0.0,1,7,8,43
26,646,43,1,0,1,4,False,0,1,0.14,0.93,0.0,0,1,1,43
27,647,43,1,0,1,5,False,0,1,0.14,0.86,0.0,0,3,3,43
28,648,43,1,0,1,7,False,0,1,0.14,0.86,0.0,0,3,3,43
29,649,43,1,0,1,8,False,0,2,0.14,0.86,0.0,1,11,12,43
30,650,43,1,0,1,9,False,0,2,0.16,0.8,0.0,4,34,38,43
31,651,43,1,0,1,10,False,0,2,0.18,0.8,0.0,7,57,64,43
32,652,43,1,0,1,11,False,0,1,0.22,0.75,0.0,9,50,59,43
33,653,43,1,0,1,12,False,0,1,0.3,0.52,0.1045,10,87,97,43
34,654,43,1,0,1,13,False,0,1,0.28,0.61,0.1045,13,71,84,43
35,655,43,1,0,1,14,False,0,1,0.28,0.61,0.0896,18,104,122,43
36,656,43,1,0,1,15,False,0,1,0.3,0.56,0.0,14,95,109,43
37,657,43,1,0,1,16,False,0,1,0.3,0.56,0.0,19,104,123,43
38,658,43,1,0,1,17,False,0,1,0.3,0.56,0.194,6,71,77,43
39,659,43,1,0,1,18,False,0,1,0.26,0.65,0.1642,8,57,65,43
40,660,43,1,0,1,19,False,0,1,0.26,0.65,0.194,9,46,55,43
41,661,43,1,0,1,20,False,0,2,0.26,0.65,0.1045,3,30,33,43
42,662,43,1,0,1,21,False,0,2,0.24,0.7,0.1642,3,25,28,43
43,663,43,1,0,1,22,False,0,2,0.24,0.7,0.194,2,19,21,43
44,664,43,1,0,1,23,False,0,2,0.24,0.65,0.2836,5,16,21,43
45,665,44,1,0,1,0,False,1,2,0.24,0.65,0.2239,1,6,7,44
46,666,44,1,0,1,1,False,1,1,0.22,0.64,0.2537,2,5,7,44
47,667,44,1,0,1,2,False,1,1,0.22,0.64,0.194,0,1,1,44
48,668,44,1,0,1,3,False,1,1,0.22,0.64,0.194,0,2,2,44
49,669,44,1,0,1,4,False,1,1,0.2,0.59,0.2239,0,2,2,44
50,670,44,1,0,1,5,False,1,1,0.18,0.64,0.2836,0,8,8,44
51,671,44,1,0,1,6,False,1,1,0.16,0.69,0.3284,0,37,37,44
52,672,44,1,0,1,7,False,1,2,0.16,0.64,0.2836,1,71,72,44
53,673,44,1,0,1,8,False,1,2,0.16,0.59,0.2836,3,182,185,44
54,674,44,1,0,1,9,False,1,2,0.16,0.59,0.2985,0,112,112,44
55,675,44,1,0,1,10,False,1,2,0.16,0.59,0.194,1,68,69,44
56,676,44,1,0,1,11,False,1,2,0.16,0.59,0.194,2,46,48,44
57,677,44,1,0,1,12,False,1,2,0.18,0.55,0.1045,6,62,68,44
58,678,44,1,0,1,13,False,1,2,0.16,0.59,0.0,2,52,54,44
59,679,44,1,0,1,14,False,1,2,0.18,0.55,0.1343,1,85,86,44
60,680,44,1,0,1,15,False,1,2,0.16,0.59,0.1343,3,41,44,44
61,681,44,1,0,1,16,False,1,2,0.16,0.56,0.194,3,83,86,44
62,682,44,1,0,1,17,False,1,2,0.16,0.59,0.194,6,155,161,44
63,683,44,1,0,1,18,False,1,2,0.16,0.55,0.2239,3,153,156,44
64,684,44,1,0,1,19,False,1,1,0.3,0.61,0.1045,3,108,111,44
65,685,44,1,0,1,20,False,1,3,0.16,0.59,0.1642,0,78,78,44
66,686,44,1,0,1,21,False,1,3,0.16,0.59,0.0896,3,53,56,44
67,687,44,1,0,1,22,False,1,2,0.16,0.59,0.1045,0,34,34,44
68,688,44,1,0,1,23,False,1,2,0.16,0.64,0.0896,2,15,17,44
69,689,1,1,0,2,0,False,2,2,0.16,0.64,0.1045,2,6,8,1
70,690,1,1,0,2,1,False,2,2,0.16,0.69,0.1045,0,3,3,1
71,691,1,1,0,2,2,False,2,2,0.16,0.69,0.0,0,2,2,1
72,692,1,1,0,2,3,False,2,2,0.16,0.69,0.0,0,2,2,1
73,693,1,1,0,2,5,False,2,3,0.14,0.93,0.0,0,3,3,1
74,694,1,1,0,2,6,False,2,3,0.14,0.93,0.0,0,22,22,1
75,695,1,1,0,2,7,False,2,3,0.16,0.93,0.0,0,52,52,1
76,696,1,1,0,2,8,False,2,3,0.16,0.93,0.0,3,132,135,1
77,697,1,1,0,2,9,False,2,2,0.16,0.93,0.0,2,114,116,1
78,698,1,1,0,2,10,False,2,2,0.16,0.93,0.0,0,47,47,1
79,699,1,1,0,2,11,False,2,2,0.18,0.86,0.0,2,49,51,1
80,700,1,1,0,2,12,False,2,2,0.2,0.86,0.0,2,53,55,1
81,701,1,1,0,2,13,False,2,2,0.2,0.86,0.0,3,49,52,1
82,702,1,1,0,2,14,False,2,2,0.22,0.8,0.0896,5,49,54,1
83,703,1,1,0,2,15,False,2,2,0.24,0.75,0.0,7,45,52,1
84,704,1,1,0,2,16,False,2,2,0.24,0.75,0.1343,3,61,64,1
85,705,1,1,0,2,17,False,2,2,0.24,0.75,0.0,4,172,176,1
86,706,1,1,0,2,18,False,2,2,0.24,0.81,0.1045,3,165,168,1
87,707,1,1,0,2,19,False,2,2,0.24,0.81,0.1343,3,105,108,1
88,708,1,1,0,2,20,False,2,2,0.22,0.87,0.1343,5,69,74,1
89,709,1,1,0,2,21,False,2,2,0.22,0.87,0.1343,0,64,64,1
90,710,1,1,0,2,22,False,2,2,0.22,0.87,0.0896,2,34,36,1
91,711,1,1,0,2,23,False,2,3,0.2,0.93,0.194,1,15,16,1
92,712,3,1,0,2,0,False,3,3,0.22,0.93,0.1045,0,2,2,3
93,713,3,1,0,2,1,False,3,3,0.22,0.93,0.194,0,3,3,3
94,714,3,1,0,2,2,False,3,3,0.22,0.93,0.1343,4,0,4,3
95,715,3,1,0,2,3,False,3,3,0.22,0.93,0.1343,0,1,1,3
96,716,3,1,0,2,4,False,3,3,0.22,0.93,0.2836,0,1,1,3
97,717,3,1,0,2,5,False,3,3,0.22,0.93,0.1045,0,3,3,3
98,718,3,1,0,2,6,False,3,3,0.22,0.93,0.1045,1,17,18,3
99,719,3,1,0,2,7,False,3,3,0.22,0.93,0.2239,1,48,49,3
100,720,3,1,0,2,8,False,3,3,0.22,0.93,0.2239,1,154,155,3
101,721,3,1,0,2,9,False,3,2,0.24,0.93,0.0896,4,119,123,3
102,722,3,1,0,2,10,False,3,2,0.22,1.0,0.0,2,59,61,3
103,723,3,1,0,2,11,False,3,2,0.24,0.93,0.194,5,47,52,3
104,724,3,1,0,2,12,False,3,2,0.24,0.93,0.2239,3,61,64,3
105,725,3,1,0,2,13,False,3,1,0.34,0.93,0.1642,1,74,75,3
106,726,3,1,0,2,14,False,3,1,0.38,0.82,0.3881,2,61,63,3
107,727,3,1,0,2,15,False,3,1,0.38,0.76,0.3284,10,66,76,3
108,728,3,1,0,2,16,False,3,1,0.36,0.71,0.2985,8,95,103,3
109,729,3,1,0,2,17,False,3,1,0.36,0.53,0.5224,7,183,190,3
110,730,3,1,0,2,18,False,3,1,0.34,0.42,0.5522,7,175,182,3
111,731,3,1,0,2,19,False,3,1,0.28,0.45,0.4925,3,88,91,3
112,732,3,1,0,2,20,False,3,1,0.24,0.48,0.5522,4,71,75,3
113,733,3,1,0,2,21,False,3,1,0.22,0.47,0.3284,1,62,63,3
114,734,3,1,0,2,22,False,3,1,0.22,0.44,0.2537,5,35,40,3
115,735,3,1,0,2,23,False,3,1,0.2,0.44,0.4478,3,29,32,3
116,736,5,1,0,2,0,False,4,1,0.2,0.4,0.4478,1,11,12,5
117,737,5,1,0,2,1,False,4,1,0.2,0.44,0.5224,0,5,5,5
118,738,5,1,0,2,2,False,4,1,0.18,0.43,0.2537,0,2,2,5
119,739,5,1,0,2,3,False,4,1,0.18,0.43,0.2537,0,1,1,5
120,740,5,1,0,2,5,False,4,1,0.16,0.5,0.2985,0,2,2,5
121,741,5,1,0,2,6,False,4,1,0.16,0.43,0.3582,0,39,39,5
122,742,5,1,0,2,7,False,4,1,0.14,0.5,0.3284,1,86,87,5
123,743,5,1,0,2,8,False,4,1,0.14,0.5,0.3582,4,184,188,5
124,744,5,1,0,2,9,False,4,1,0.16,0.47,0.2985,6,127,133,5
125,745,5,1,0,2,10,False,4,1,0.18,0.43,0.3284,2,50,52,5
126,746,5,1,0,2,11,False,4,1,0.18,0.43,0.4478,9,55,64,5
127,747,5,1,0,2,12,False,4,1,0.2,0.4,0.3582,2,67,69,5
128,748,5,1,0,2,13,False,4,1,0.2,0.4,0.4179,4,47,51,5
129,749,5,1,0,2,14,False,4,1,0.22,0.37,0.3881,4,43,47,5
130,750,5,1,0,2,15,False,4,1,0.22,0.37,0.3284,4,56,60,5
131,751,5,1,0,2,16,False,4,1,0.22,0.37,0.2537,5,73,78,5
132,752,5,1,0,2,17,False,4,1,0.2,0.4,0.194,5,170,175,5
133,753,5,1,0,2,18,False,4,1,0.2,0.4,0.1642,2,145,147,5
134,754,5,1,0,2,19,False,4,1,0.2,0.4,0.0,4,92,96,5
135,755,5,1,0,2,20,False,4,1,0.2,0.47,0.0896,1,108,109,5
136,756,5,1,0,2,21,False,4,1,0.18,0.55,0.1045,1,53,54,5
137,757,5,1,0,2,22,False,4,1,0.18,0.51,0.0896,2,39,41,5
138,758,5,1,0,2,23,False,4,1,0.2,0.47,0.1045,4,34,38,5
139,759,7,1,0,2,0,False,5,2,0.2,0.44,0.0,3,10,13,7
140,760,7,1,0,2,1,False,5,2,0.16,0.59,0.0,0,7,7,7
141,761,7,1,0,2,2,False,5,2,0.14,0.63,0.1045,0,1,1,7
142,762,7,1,0,2,3,False,5,2,0.14,0.63,0.1045,0,1,1,7
143,763,7,1,0,2,5,False,5,2,0.14,0.63,0.1343,0,7,7,7
144,764,7,1,0,2,6,False,5,2,0.16,0.55,0.0,2,26,28,7
145,765,7,1,0,2,7,False,5,1,0.14,0.59,0.0,0,87,87,7
146,766,7,1,0,2,8,False,5,1,0.14,0.74,0.1343,3,217,220,7
147,767,7,1,0,2,9,False,5,2,0.16,0.8,0.1343,3,124,127,7
148,768,7,1,0,2,10,False,5,2,0.2,0.51,0.1343,5,46,51,7
149,769,7,1,0,2,11,False,5,1,0.22,0.51,0.1642,3,61,64,7
150,770,7,1,0,2,12,False,5,2,0.24,0.48,0.1642,8,78,86,7
151,771,7,1,0,2,13,False,5,2,0.26,0.5,0.2239,9,73,82,7
152,772,7,1,0,2,14,False,5,2,0.28,0.45,0.1642,15,76,91,7
153,773,7,1,0,2,15,False,5,2,0.28,0.48,0.2537,9,81,90,7
154,774,7,1,0,2,16,False,5,2,0.3,0.42,0.2239,8,91,99,7
155,775,7,1,0,2,17,False,5,2,0.26,0.56,0.1343,10,195,205,7
156,776,7,1,0,2,18,False,5,2,0.24,0.6,0.1045,3,152,155,7
157,777,7,1,0,2,19,False,5,2,0.24,0.65,0.1343,1,102,103,7
158,778,7,1,0,2,20,False,5,2,0.24,0.65,0.1642,2,69,71,7
159,779,7,1,0,2,21,False,5,2,0.24,0.7,0.1642,2,41,43,7
160,780,7,1,0,2,22,False,5,2,0.24,0.65,0.1642,1,45,46,7
161,781,7,1,0,2,23,False,5,2,0.24,0.7,0.1343,1,30,31,7
162,782,9,1,0,2,0,False,6,2,0.24,0.7,0.1642,3,36,39,9
163,783,9,1,0,2,1,False,6,2,0.24,0.65,0.1642,1,17,18,9
164,784,9,1,0,2,2,False,6,2,0.24,0.75,0.1642,5,12,17,9
165,785,9,1,0,2,3,False,6,2,0.24,0.75,0.1642,1,10,11,9
166,786,9,1,0,2,4,False,6,3,0.22,0.93,0.1343,0,8,8,9
167,787,9,1,0,2,5,False,6,3,0.2,1.0,0.0896,0,9,9,9
168,788,9,1,0,2,6,False,6,3,0.2,1.0,0.0,0,4,4,9
169,789,9,1,0,2,7,False,6,3,0.22,0.93,0.0896,0,4,4,9
170,790,9,1,0,2,8,False,6,3,0.2,1.0,0.0896,0,10,10,9
171,791,9,1,0,2,9,False,6,3,0.2,1.0,0.0896,3,17,20,9
172,792,9,1,0,2,10,False,6,3,0.2,1.0,0.1343,3,31,34,9
173,793,9,1,0,2,11,False,6,3,0.22,1.0,0.1343,1,46,47,9
174,794,9,1,0,2,12,False,6,3,0.22,1.0,0.1642,10,42,52,9
175,795,9,1,0,2,13,False,6,3,0.22,1.0,0.1642,10,62,72,9
176,796,9,1,0,2,14,False,6,3,0.22,1.0,0.0,5,50,55,9
177,797,9,1,0,2,15,False,6,3,0.22,1.0,0.0,11,49,60,9
178,798,9,1,0,2,16,False,6,3,0.22,1.0,0.1343,8,63,71,9
179,799,9,1,0,2,17,False,6,2,0.24,1.0,0.2836,14,64,78,9
180,800,9,1,0,2,18,False,6,2,0.28,0.93,0.4478,2,81,83,9
181,801,9,1,0,2,19,False,6,2,0.28,0.93,0.4478,6,78,84,9
182,802,9,1,0,2,20,False,6,1,0.3,0.87,0.2537,5,64,69,9
183,803,9,1,0,2,21,False,6,1,0.26,1.0,0.194,3,53,56,9
184,804,9,1,0,2,22,False,6,1,0.26,0.93,0.1343,2,43,45,9
185,805,9,1,0,2,23,False,6,1,0.26,0.93,0.2239,7,52,59,9
186,806,11,1,0,2,0,False,0,1,0.26,0.7,0.194,2,37,39,11
187,807,11,1,0,2,1,False,0,1,0.26,0.65,0.4179,4,40,44,11
188,808,11,1,0,2,2,False,0,1,0.26,0.6,0.3284,0,20,20,11
189,809,11,1,0,2,3,False,0,1,0.26,0.6,0.0896,3,10,13,11
190,810,11,1,0,2,4,False,0,1,0.26,0.6,0.3582,0,2,2,11
191,811,11,1,0,2,5,False,0,1,0.26,0.6,0.2239,0,1,1,11
192,812,11,1,0,2,6,False,0,1,0.26,0.6,0.2239,0,1,1,11
193,813,11,1,0,2,7,False,0,1,0.24,0.65,0.1642,0,8,8,11
194,814,11,1,0,2,8,False,0,1,0.24,0.65,0.1045,2,21,23,11
195,815,11,1,0,2,9,False,0,1,0.28,0.56,0.1045,7,38,45,11
196,816,11,1,0,2,10,False,0,1,0.3,0.52,0.2537,15,74,89,11
197,817,11,1,0,2,11,False,0,1,0.32,0.49,0.2537,28,89,117,11
198,818,11,1,0,2,12,False,0,1,0.34,0.46,0.0,48,126,174,11
199,819,11,1,0,2,13,False,0,1,0.34,0.46,0.0,47,135,182,11
200,820,11,1,0,2,14,False,0,1,0.34,0.46,0.0896,47,114,161,11
201,821,11,1,0,2,15,False,0,1,0.34,0.46,0.0896,52,130,182,11
202,822,11,1,0,2,16,False,0,1,0.34,0.49,0.1045,42,115,157,11
203,823,11,1,0,2,17,False,0,1,0.34,0.46,0.0,24,97,121,11
204,824,11,1,0,2,18,False,0,1,0.3,0.56,0.1642,13,65,78,11
205,825,11,1,0,2,19,False,0,1,0.28,0.61,0.1343,1,20,21,11
206,826,11,1,0,2,20,False,0,1,0.28,0.61,0.1045,5,21,26,11
207,827,11,1,0,2,21,False,0,1,0.26,0.6,0.0,5,22,27,11
208,828,11,1,0,2,22,False,0,1,0.26,0.6,0.0,5,57,62,11
209,829,11,1,0,2,23,False,0,1,0.24,0.65,0.0,4,26,30,11
210,830,13,1,0,2,0,False,1,1,0.24,0.65,0.0,1,14,15,13
211,831,13,1,0,2,1,False,1,1,0.22,0.75,0.0,1,4,5,13
212,832,13,1,0,2,2,False,1,1,0.2,0.8,0.0,0,3,3,13
213,833,13,1,0,2,3,False,1,1,0.2,0.86,0.0,0,1,1,13
214,834,13,1,0,2,4,False,1,1,0.2,0.86,0.0,1,1,2,13
215,835,13,1,0,2,5,False,1,1,0.2,0.86,0.0,1,9,10,13
216,836,13,1,0,2,6,False,1,1,0.18,0.93,0.0,1,29,30,13
217,837,13,1,0,2,7,False,1,1,0.18,0.86,0.0,6,89,95,13
218,838,13,1,0,2,8,False,1,2,0.16,1.0,0.0,7,223,230,13
219,839,13,1,0,2,9,False,1,1,0.22,0.8,0.0,3,115,118,13
220,840,13,1,0,2,10,False,1,1,0.24,0.75,0.1045,6,49,55,13
221,841,13,1,0,2,11,False,1,1,0.3,0.65,0.0896,11,36,47,13
222,842,13,1,0,2,12,False,1,2,0.32,0.62,0.0,7,59,66,13
223,843,13,1,0,2,13,False,1,2,0.36,0.57,0.0896,10,54,64,13
224,844,13,1,0,2,14,False,1,2,0.36,0.57,0.0896,8,52,60,13
225,845,13,1,0,2,15,False,1,2,0.38,0.54,0.0896,4,46,50,13
226,846,13,1,0,2,16,False,1,2,0.36,0.57,0.1343,16,98,114,13
227,847,13,1,0,2,17,False,1,2,0.32,0.7,0.1642,9,207,216,13
228,848,13,1,0,2,18,False,1,2,0.34,0.66,0.1343,5,170,175,13
229,849,13,1,0,2,19,False,1,2,0.32,0.7,0.0,5,123,128,13
230,850,13,1,0,2,20,False,1,2,0.32,0.7,0.1045,6,82,88,13
231,851,13,1,0,2,21,False,1,1,0.32,0.7,0.0,3,75,78,13
232,852,13,1,0,2,22,False,1,1,0.28,0.81,0.0896,3,34,37,13
233,853,13,1,0,2,23,False,1,2,0.3,0.81,0.0,6,19,25,13
234,854,15,1,0,2,0,False,2,2,0.28,0.87,0.0,4,6,10,15
235,855,15,1,0,2,1,False,2,2,0.28,0.87,0.0,0,4,4,15
236,856,15,1,0,2,2,False,2,2,0.26,0.93,0.1045,1,1,2,15
237,857,15,1,0,2,3,False,2,3,0.28,0.93,0.1642,0,1,1,15
238,858,15,1,0,2,4,False,2,1,0.26,0.93,0.1642,0,3,3,15
239,859,15,1,0,2,5,False,2,1,0.26,0.81,0.3284,0,2,2,15
240,860,15,1,0,2,6,False,2,1,0.26,0.7,0.3284,0,39,39,15
241,861,15,1,0,2,7,False,2,1,0.24,0.65,0.4179,3,97,100,15
242,862,15,1,0,2,8,False,2,1,0.24,0.56,0.4925,7,236,243,15
243,863,15,1,0,2,9,False,2,1,0.24,0.52,0.4925,7,128,135,15
244,864,15,1,0,2,10,False,2,1,0.22,0.47,0.5522,4,44,48,15
245,865,15,1,0,2,11,False,2,1,0.22,0.47,0.4627,1,49,50,15
246,866,15,1,0,2,12,False,2,1,0.24,0.38,0.4925,2,63,65,15
247,867,15,1,0,2,13,False,2,2,0.24,0.32,0.4478,2,48,50,15
248,868,15,1,0,2,14,False,2,1,0.22,0.37,0.4179,3,61,64,15
249,869,15,1,0,2,15,False,2,1,0.22,0.35,0.3881,6,45,51,15
250,870,15,1,0,2,16,False,2,1,0.22,0.35,0.5224,4,79,83,15
251,871,15,1,0,2,17,False,2,1,0.22,0.32,0.5821,4,172,176,15
252,872,15,1,0,2,18,False,2,1,0.2,0.32,0.3881,1,151,152,15
253,873,15,1,0,2,19,False,2,1,0.16,0.4,0.4627,1,100,101,15
254,874,15,1,0,2,20,False,2,1,0.16,0.4,0.3284,3,53,56,15
255,875,15,1,0,2,21,False,2,1,0.14,0.33,0.4627,8,46,54,15
256,876,15,1,0,2,22,False,2,1,0.12,0.33,0.3582,0,29,29,15
257,877,15,1,0,2,23,False,2,1,0.12,0.33,0.3284,3,9,12,15
258,878,17,1,0,2,0,False,3,1,0.1,0.36,0.3582,0,17,17,17
259,879,17,1,0,2,1,False,3,1,0.1,0.36,0.2239,0,7,7,17
260,880,17,1,0,2,2,False,3,1,0.08,0.38,0.2836,1,2,3,17
261,881,17,1,0,2,3,False,3,1,0.06,0.45,0.1343,0,2,2,17
262,882,17,1,0,2,5,False,3,1,0.06,0.45,0.1045,0,7,7,17
263,883,17,1,0,2,6,False,3,1,0.06,0.45,0.0,0,43,43,17
264,884,17,1,0,2,7,False,3,1,0.06,0.49,0.1045,4,95,99,17
265,885,17,1,0,2,8,False,3,1,0.1,0.42,0.0,1,198,199,17
266,886,17,1,0,2,9,False,3,1,0.12,0.39,0.1642,4,119,123,17
267,887,17,1,0,2,10,False,3,1,0.14,0.36,0.0,8,51,59,17
268,888,17,1,0,2,11,False,3,2,0.14,0.43,0.1642,1,40,41,17
269,889,17,1,0,2,12,False,3,2,0.18,0.4,0.2239,4,57,61,17
270,890,17,1,0,2,13,False,3,1,0.18,0.4,0.2537,2,67,69,17
271,891,17,1,0,2,14,False,3,1,0.2,0.34,0.2985,2,56,58,17
272,892,17,1,0,2,15,False,3,2,0.2,0.34,0.2836,3,61,64,17
273,893,17,1,0,2,16,False,3,2,0.2,0.37,0.2537,7,72,79,17
274,894,17,1,0,2,17,False,3,2,0.2,0.34,0.2537,9,157,166,17
275,895,17,1,0,2,18,False,3,2,0.18,0.47,0.2985,2,168,170,17
276,896,17,1,0,2,19,False,3,3,0.14,0.86,0.2537,1,87,88,17
277,897,17,1,0,2,20,False,3,3,0.14,0.86,0.1642,0,84,84,17
278,898,17,1,0,2,21,False,3,2,0.14,0.86,0.1642,0,83,83,17
279,899,17,1,0,2,22,False,3,3,0.16,0.8,0.1642,4,42,46,17
280,900,17,1,0,2,23,False,3,3,0.16,0.8,0.194,0,37,37,17
281,901,19,1,0,2,0,False,4,3,0.14,0.86,0.194,0,16,16,19
282,902,19,1,0,2,1,False,4,3,0.14,0.8,0.1343,0,7,7,19
283,903,19,1,0,2,2,False,4,3,0.14,0.8,0.1343,0,3,3,19
284,904,19,1,0,2,4,False,4,2,0.14,0.59,0.2239,0,1,1,19
285,905,19,1,0,2,5,False,4,2,0.12,0.5,0.2239,0,6,6,19
286,906,19,1,0,2,6,False,4,2,0.12,0.54,0.2836,0,26,26,19
287,907,19,1,0,2,7,False,4,1,0.1,0.5,0.4179,0,99,99,19
288,908,19,1,0,2,8,False,4,1,0.1,0.49,0.3284,5,173,178,19
289,909,19,1,0,2,9,False,4,1,0.12,0.42,0.3582,1,121,122,19
290,910,19,1,0,2,10,False,4,1,0.12,0.42,0.2985,1,34,35,19
291,911,19,1,0,2,11,False,4,1,0.14,0.39,0.3582,1,44,45,19
292,912,19,1,0,2,12,False,4,1,0.16,0.34,0.3881,4,65,69,19
293,913,19,1,0,2,13,False,4,1,0.18,0.29,0.2985,3,59,62,19
294,914,19,1,0,2,14,False,4,1,0.2,0.27,0.2836,6,42,48,19
295,915,19,1,0,2,15,False,4,1,0.2,0.25,0.2537,0,50,50,19
296,916,19,1,0,2,16,False,4,1,0.2,0.27,0.2985,4,76,80,19
297,917,19,1,0,2,17,False,4,1,0.18,0.26,0.194,6,159,165,19
298,918,19,1,0,2,18,False,4,1,0.16,0.28,0.1343,3,157,160,19
299,919,19,1,0,2,19,False,4,1,0.14,0.28,0.1045,2,110,112,19
300,920,19,1,0,2,20,False,4,1,0.14,0.31,0.0896,4,93,97,19
301,921,19,1,0,2,21,False,4,1,0.14,0.39,0.0,2,70,72,19
302,922,19,1,0,2,22,False,4,1,0.12,0.39,0.0,4,47,51,19
303,923,19,1,0,2,23,False,4,1,0.12,0.42,0.1045,1,33,34,19
304,924,21,1,0,2,0,False,5,1,0.1,0.49,0.1045,2,12,14,21
305,925,21,1,0,2,1,False,5,1,0.1,0.54,0.0896,1,6,7,21
306,926,21,1,0,2,2,False,5,1,0.1,0.54,0.0896,0,3,3,21
307,927,21,1,0,2,5,False,5,1,0.08,0.63,0.0896,0,4,4,21
308,928,21,1,0,2,6,False,5,1,0.1,0.68,0.0,1,23,24,21
309,929,21,1,0,2,7,False,5,1,0.08,0.73,0.0,1,73,74,21
310,930,21,1,0,2,8,False,5,1,0.1,0.74,0.1642,4,212,216,21
311,931,21,1,0,2,9,False,5,1,0.12,0.74,0.2239,8,132,140,21
312,932,21,1,0,2,10,False,5,1,0.14,0.69,0.194,5,39,44,21
313,933,21,1,0,2,11,False,5,1,0.22,0.47,0.1343,12,52,64,21
314,934,21,1,0,2,12,False,5,1,0.22,0.47,0.1343,7,64,71,21
315,935,21,1,0,2,13,False,5,1,0.24,0.35,0.194,21,89,110,21
316,936,21,1,0,2,14,False,5,1,0.3,0.26,0.2537,17,67,84,21
317,937,21,1,0,2,15,False,5,1,0.32,0.21,0.1642,12,62,74,21
318,938,21,1,0,2,16,False,5,1,0.3,0.28,0.194,14,111,125,21
319,939,21,1,0,2,17,False,5,1,0.3,0.24,0.0,18,193,211,21
320,940,21,1,0,2,18,False,5,1,0.28,0.28,0.0,9,165,174,21
321,941,21,1,0,2,19,False,5,1,0.26,0.33,0.0,7,94,101,21
322,942,21,1,0,2,20,False,5,1,0.22,0.55,0.1343,2,61,63,21
323,943,21,1,0,2,21,False,5,1,0.2,0.59,0.1343,1,46,47,21
324,944,21,1,0,2,22,False,5,1,0.2,0.64,0.0896,2,41,43,21
325,945,21,1,0,2,23,False,5,1,0.18,0.69,0.0,5,48,53,21
326,946,23,1,0,2,0,False,6,1,0.16,0.69,0.0896,3,27,30,23
327,947,23,1,0,2,1,False,6,1,0.14,0.86,0.0,2,22,24,23
328,948,23,1,0,2,2,False,6,1,0.14,0.8,0.0,2,13,15,23
329,949,23,1,0,2,3,False,6,1,0.12,0.8,0.0,3,7,10,23
330,950,23,1,0,2,4,False,6,1,0.12,0.74,0.0896,0,4,4,23
331,951,23,1,0,2,5,False,6,1,0.12,0.74,0.0896,0,1,1,23
332,952,23,1,0,2,6,False,6,1,0.12,0.93,0.194,1,1,2,23
333,953,23,1,0,2,7,False,6,1,0.12,0.8,0.1045,2,9,11,23
334,954,23,1,0,2,8,False,6,1,0.14,0.86,0.1343,2,28,30,23
335,955,23,1,0,2,9,False,6,1,0.16,0.64,0.1343,5,38,43,23
336,956,23,1,0,2,10,False,6,1,0.22,0.41,0.2537,13,71,84,23
337,957,23,1,0,2,11,False,6,1,0.3,0.28,0.3284,30,84,114,23
338,958,23,1,0,2,12,False,6,1,0.3,0.39,0.4627,27,93,120,23
339,959,23,1,0,2,13,False,6,1,0.3,0.39,0.4179,32,103,135,23
340,960,23,1,0,2,14,False,6,1,0.34,0.31,0.2836,30,90,120,23
341,961,23,1,0,2,15,False,6,1,0.34,0.29,0.4179,47,127,174,23
342,962,23,1,0,2,16,False,6,1,0.34,0.29,0.4179,42,103,145,23
343,963,23,1,0,2,17,False,6,1,0.32,0.31,0.5224,24,113,137,23
344,964,23,1,0,2,18,False,6,1,0.28,0.38,0.3284,4,60,64,23
345,965,23,1,0,2,19,False,6,1,0.28,0.38,0.1642,2,39,41,23
346,966,23,1,0,2,20,False,6,1,0.26,0.41,0.2239,1,39,40,23
347,967,23,1,0,2,21,False,6,1,0.26,0.41,0.0,9,42,51,23
348,968,23,1,0,2,22,False,6,1,0.24,0.44,0.0896,6,39,45,23
349,969,23,1,0,2,23,False,6,1,0.22,0.51,0.1343,1,31,32,23
350,970,25,1,0,2,0,False,0,1,0.2,0.64,0.1045,5,34,39,25
351,971,25,1,0,2,1,False,0,1,0.2,0.59,0.0896,1,23,24,25
352,972,25,1,0,2,2,False,0,2,0.2,0.75,0.0896,1,19,20,25
353,973,25,1,0,2,3,False,0,2,0.2,0.69,0.1045,4,8,12,25
354,974,25,1,0,2,4,False,0,2,0.2,0.69,0.1642,0,2,2,25
355,975,25,1,0,2,6,False,0,2,0.2,0.69,0.1343,2,3,5,25
356,976,25,1,0,2,7,False,0,2,0.22,0.55,0.0,0,3,3,25
357,977,25,1,0,2,8,False,0,2,0.22,0.64,0.194,1,11,12,25
358,978,25,1,0,2,9,False,0,2,0.24,0.6,0.2239,12,35,47,25
359,979,25,1,0,2,10,False,0,1,0.3,0.45,0.3284,19,86,105,25
360,980,25,1,0,2,11,False,0,1,0.32,0.39,0.4478,26,86,112,25
361,981,25,1,0,2,12,False,0,1,0.36,0.32,0.4627,58,94,152,25
362,982,25,1,0,2,13,False,0,1,0.38,0.29,0.3582,62,92,154,25
363,983,25,1,0,2,14,False,0,2,0.4,0.3,0.4179,51,110,161,25
364,984,25,1,0,2,15,False,0,2,0.4,0.3,0.2985,40,122,162,25
365,985,25,1,0,2,16,False,0,2,0.42,0.28,0.3284,28,106,134,25
366,986,25,1,0,2,17,False,0,1,0.42,0.28,0.3284,30,95,125,25
367,987,25,1,0,2,18,False,0,1,0.4,0.32,0.2985,17,78,95,25
368,988,25,1,0,2,19,False,0,1,0.4,0.35,0.2836,11,50,61,25
369,989,25,1,0,2,20,False,0,1,0.4,0.35,0.3284,15,32,47,25
370,990,25,1,0,2,21,False,0,1,0.4,0.35,0.3582,6,45,51,25
371,991,25,1,0,2,22,False,0,1,0.4,0.35,0.2985,5,31,36,25
372,992,25,1,0,2,23,False,0,1,0.4,0.35,0.3582,3,27,30,25
373,993,27,1,0,2,0,False,1,1,0.38,0.37,0.3582,3,8,11,27
374,994,27,1,0,2,1,False,1,1,0.38,0.37,0.3582,1,6,7,27
375,995,27,1,0,2,2,False,1,1,0.36,0.4,0.2985,0,2,2,27
376,996,27,1,0,2,3,False,1,1,0.34,0.46,0.2239,1,1,2,27
377,997,27,1,0,2,4,False,1,1,0.32,0.53,0.2836,0,2,2,27
378,998,27,1,0,2,5,False,1,1,0.32,0.53,0.2836,0,3,3,27
379,999,27,1,0,2,6,False,1,1,0.34,0.46,0.2985,1,25,26,27
380,1000,27,1,0,2,7,False,1,1,0.34,0.46,0.2985,2,96,98,27
381,611,41,1,0,1,16,False,5,1,0.22,0.8,0.0,10,70,80,41
382,612,41,1,0,1,17,False,5,1,0.24,0.75,0.1343,2,147,149,41
383,613,41,1,0,1,18,False,5,1,0.24,0.75,0.194,2,107,109,41
384,614,41,1,0,1,19,False,5,2,0.24,0.75,0.1343,5,84,89,41
385,615,41,1,0,1,20,False,5,2,0.24,0.7,0.194,1,61,62,41
386,616,41,1,0,1,21,False,5,2,0.22,0.75,0.1343,1,57,58,41
387,617,41,1,0,1,22,False,5,1,0.24,0.65,0.3582,0,26,26,41
388,618,41,1,0,1,23,False,5,1,0.24,0.6,0.2239,1,22,23,41
389,619,42,1,0,1,0,False,6,1,0.22,0.64,0.3582,2,26,28,42
